{"stat.useItem.355":11,"stat.craftItem.61":1,"stat.craftItem.67":72,"stat.leaveGame":4,"stat.craftItem.65":54,"stat.mineBlock.13":191,"stat.mineBlock.16":10,"stat.mineBlock.18":264,"stat.mineBlock.17":169,"stat.swimOneCm":83537,"stat.climbOneCm":23065,"stat.craftItem.72":4,"achievement.buildWorkBench":4,"stat.craftItem.324":5,"achievement.exploreAllBiomes":{"value":0,"progress":["ForestHills","Magical Forest","Roofed Forest","Extreme Hills+","Forest","River","Plains","Taiga","Extreme Hills","Swampland","TaigaHills"]},"stat.mineBlock.12":90,"stat.useItem.338":1,"stat.mineBlock.4":121,"stat.mineBlock.5":83,"stat.mineBlock.111":10,"stat.mineBlock.3":458,"stat.mineBlock.1":1575,"stat.flyOneCm":9207,"stat.craftItem.355":1,"stat.craftItem.20":22,"stat.mineBlock.175":1,"stat.useItem.324":5,"achievement.buildSword":2,"achievement.mineWood":144,"stat.breakItem.271":3,"achievement.openInventory":197,"stat.mineBlock.161":5,"stat.mineBlock.162":5,"achievement.killEnemy":30,"stat.craftItem.58":2,"stat.drop":16,"stat.playOneMinute":287090,"stat.craftItem.53":12,"stat.craftItem.50":56,"stat.breakItem.269":1,"stat.craftItem.54":5,"stat.mineBlock.171":1,"stat.killEntity.Zombie":10,"stat.diveOneCm":25888,"stat.useItem.65":73,"stat.useItem.67":103,"stat.useItem.61":2,"achievement.buildHoe":2,"stat.killEntity.Slime":18,"stat.mineBlock.82":37,"stat.mineBlock.86":1,"stat.craftItem.297":27,"stat.useItem.72":4,"stat.jump":1179,"stat.fallOneCm":12543,"stat.useItem.70":1,"stat.craftItem.290":1,"stat.craftItem.171":9,"stat.useItem.295":4,"stat.craftItem.5":424,"stat.damageTaken":550,"stat.mineBlock.61":1,"stat.mineBlock.65":16,"stat.mineBlock.67":44,"stat.useItem.53":15,"stat.useItem.54":5,"stat.useItem.50":60,"stat.damageDealt":2075,"stat.useItem.58":11,"stat.craftItem.263":35,"stat.walkOneCm":1676215,"stat.craftItem.268":1,"stat.mineBlock.58":9,"stat.mineBlock.50":12,"stat.useItem.290":23,"stat.useItem.171":10,"stat.mineBlock.54":1,"stat.mineBlock.53":3,"stat.killEntity.Skeleton":2,"stat.craftItem.280":92,"stat.mobKills":30,"stat.mineBlock.35":9,"stat.useItem.6":6,"stat.useItem.269":60,"stat.useItem.268":41,"stat.useItem.4":1391,"stat.useItem.5":310,"stat.craftItem.271":3,"stat.useItem.3":130,"stat.craftItem.269":1,"stat.useItem.17":2,"stat.useItem.13":4,"stat.mineBlock.31":29,"stat.useItem.271":183}