{"stat.walkOneCm":128872,"stat.useItem.355":3,"stat.craftItem.268":1,"stat.leaveGame":2,"stat.killEntity.Slime":15,"stat.mineBlock.82":19,"stat.mineBlock.58":6,"stat.mineBlock.13":17,"stat.mineBlock.18":54,"stat.mineBlock.17":60,"stat.jump":185,"stat.swimOneCm":18412,"stat.useItem.324":1,"stat.fallOneCm":2284,"stat.climbOneCm":3938,"achievement.buildWorkBench":4,"stat.craftItem.171":9,"achievement.buildSword":2,"achievement.mineWood":54,"stat.craftItem.324":1,"achievement.exploreAllBiomes":{"value":0,"progress":["ForestHills","Magical Forest","Forest"]},"stat.useItem.171":10,"stat.mineBlock.53":1,"stat.breakItem.271":2,"achievement.openInventory":29,"stat.craftItem.5":128,"stat.craftItem.280":12,"stat.damageTaken":370,"stat.mineBlock.5":5,"stat.mineBlock.3":4,"stat.mobKills":23,"achievement.killEnemy":23,"stat.useItem.53":10,"stat.mineBlock.35":9,"stat.craftItem.58":2,"stat.flyOneCm":580,"stat.craftItem.355":1,"stat.useItem.269":39,"stat.useItem.268":41,"stat.playOneMinute":35081,"stat.craftItem.53":12,"stat.useItem.5":60,"stat.craftItem.271":3,"stat.mineBlock.171":1,"stat.damageDealt":2075,"stat.killEntity.Zombie":8,"stat.craftItem.269":1,"stat.useItem.58":7,"stat.diveOneCm":3529,"stat.mineBlock.31":3,"stat.useItem.271":131}