{"stat.useItem.355":7,"stat.leaveGame":2,"stat.killEntity.Slime":18,"stat.mineBlock.82":37,"stat.mineBlock.86":1,"stat.mineBlock.13":40,"stat.mineBlock.16":5,"stat.mineBlock.18":76,"stat.mineBlock.17":81,"stat.jump":447,"stat.swimOneCm":65721,"stat.fallOneCm":3910,"stat.climbOneCm":6791,"stat.useItem.70":1,"achievement.buildWorkBench":4,"stat.craftItem.171":9,"stat.craftItem.324":1,"achievement.exploreAllBiomes":{"value":0,"progress":["ForestHills","Magical Forest","Roofed Forest","Forest","River","Swampland"]},"stat.mineBlock.12":20,"stat.craftItem.5":212,"stat.useItem.338":1,"stat.damageTaken":440,"stat.mineBlock.5":14,"stat.mineBlock.111":10,"stat.mineBlock.3":24,"stat.useItem.53":15,"stat.flyOneCm":2734,"stat.craftItem.355":1,"stat.damageDealt":2075,"stat.useItem.58":7,"stat.walkOneCm":351577,"stat.craftItem.268":1,"stat.mineBlock.58":6,"stat.useItem.324":1,"achievement.buildSword":2,"achievement.mineWood":73,"stat.useItem.171":10,"stat.mineBlock.53":3,"stat.breakItem.271":3,"achievement.openInventory":66,"stat.mineBlock.161":5,"stat.craftItem.280":16,"stat.mineBlock.162":5,"stat.mobKills":28,"achievement.killEnemy":28,"stat.mineBlock.35":9,"stat.craftItem.58":2,"stat.drop":9,"stat.useItem.269":60,"stat.useItem.268":41,"stat.playOneMinute":75621,"stat.craftItem.53":12,"stat.useItem.5":165,"stat.breakItem.269":1,"stat.craftItem.271":3,"stat.mineBlock.171":1,"stat.useItem.3":20,"stat.killEntity.Zombie":10,"stat.craftItem.269":1,"stat.diveOneCm":18998,"stat.mineBlock.31":24,"stat.useItem.271":183}