{"stat.useItem.355":5,"stat.leaveGame":2,"stat.killEntity.Slime":15,"stat.mineBlock.82":19,"stat.mineBlock.13":17,"stat.mineBlock.18":54,"stat.mineBlock.17":60,"stat.jump":199,"stat.swimOneCm":23468,"stat.fallOneCm":2284,"stat.climbOneCm":3938,"achievement.buildWorkBench":4,"stat.craftItem.171":9,"stat.craftItem.324":1,"achievement.exploreAllBiomes":{"value":0,"progress":["ForestHills","Magical Forest","Forest"]},"stat.craftItem.5":128,"stat.damageTaken":370,"stat.mineBlock.5":5,"stat.mineBlock.3":4,"stat.useItem.53":12,"stat.flyOneCm":638,"stat.craftItem.355":1,"stat.damageDealt":2075,"stat.useItem.58":7,"stat.walkOneCm":140096,"stat.craftItem.268":1,"stat.mineBlock.58":6,"stat.useItem.324":1,"achievement.buildSword":2,"achievement.mineWood":54,"stat.useItem.171":10,"stat.mineBlock.53":1,"stat.breakItem.271":2,"achievement.openInventory":32,"stat.craftItem.280":12,"stat.mobKills":25,"achievement.killEnemy":25,"stat.mineBlock.35":9,"stat.craftItem.58":2,"stat.useItem.269":39,"stat.useItem.268":41,"stat.playOneMinute":39677,"stat.craftItem.53":12,"stat.useItem.5":79,"stat.craftItem.271":3,"stat.mineBlock.171":1,"stat.killEntity.Zombie":10,"stat.craftItem.269":1,"stat.diveOneCm":5136,"stat.mineBlock.31":3,"stat.useItem.271":133}