{"stat.walkOneCm":242730,"achievement.openInventory":11,"stat.craftItem.5":20,"stat.useItem.338":2,"stat.leaveGame":1,"stat.craftItem.280":4,"stat.damageTaken":350,"stat.mineBlock.3":8,"stat.flyOneCm":31550,"stat.craftItem.58":1,"stat.deaths":1,"stat.mineBlock.18":5,"stat.drop":1,"stat.mineBlock.17":27,"stat.jump":697,"stat.swimOneCm":7399,"stat.playOneMinute":41765,"stat.fallOneCm":17735,"stat.climbOneCm":4466,"achievement.buildWorkBench":1,"stat.useItem.3":8,"stat.craftItem.271":1,"achievement.mineWood":27,"achievement.exploreAllBiomes":{"value":0,"progress":["Birch Forest Hills","ForestHills","Magical Forest","Eerie","Roofed Forest","Forest","River","Plains","Taiga","Mega Taiga","Swampland"]},"stat.useItem.35":2,"stat.useItem.391":9,"stat.diveOneCm":1107,"stat.useItem.58":1,"stat.useItem.271":22}