{"stat.flyOneCm":8943,"stat.deaths":1,"stat.walkOneCm":109553,"stat.drop":1,"stat.jump":346,"stat.swimOneCm":4757,"stat.playOneMinute":14385,"stat.fallOneCm":11055,"achievement.openInventory":5,"stat.climbOneCm":3509,"stat.useItem.338":2,"stat.leaveGame":1,"stat.useItem.3":1,"stat.damageTaken":280,"stat.mineBlock.3":1,"achievement.exploreAllBiomes":{"value":0,"progress":["ForestHills","Magical Forest","Roofed Forest","Forest","River","Plains","Swampland"]},"stat.useItem.35":2,"stat.diveOneCm":1107}