{"stat.useItem.65":44,"stat.useItem.355":11,"stat.useItem.61":2,"achievement.buildHoe":2,"stat.craftItem.61":1,"stat.leaveGame":3,"stat.craftItem.65":54,"stat.killEntity.Slime":18,"stat.mineBlock.82":37,"stat.mineBlock.86":1,"stat.mineBlock.13":66,"stat.mineBlock.16":8,"stat.craftItem.297":7,"stat.mineBlock.18":163,"stat.mineBlock.17":120,"stat.useItem.72":4,"stat.jump":773,"stat.swimOneCm":73650,"stat.fallOneCm":6417,"stat.climbOneCm":17759,"stat.craftItem.72":4,"stat.useItem.70":1,"stat.craftItem.290":1,"achievement.buildWorkBench":4,"stat.craftItem.171":9,"stat.craftItem.324":5,"achievement.exploreAllBiomes":{"value":0,"progress":["ForestHills","Magical Forest","Roofed Forest","Extreme Hills+","Forest","River","Plains","Taiga","Extreme Hills","Swampland","TaigaHills"]},"stat.mineBlock.12":34,"stat.useItem.295":1,"stat.craftItem.5":368,"stat.useItem.338":1,"stat.damageTaken":470,"stat.mineBlock.4":15,"stat.mineBlock.5":81,"stat.mineBlock.111":10,"stat.mineBlock.3":181,"stat.mineBlock.1":340,"stat.mineBlock.61":1,"stat.mineBlock.65":1,"stat.useItem.53":15,"stat.useItem.54":1,"stat.flyOneCm":6162,"stat.useItem.50":17,"stat.craftItem.355":1,"stat.damageDealt":2075,"stat.useItem.58":11,"stat.craftItem.263":3,"stat.walkOneCm":821576,"stat.craftItem.268":1,"stat.mineBlock.175":1,"stat.mineBlock.58":9,"stat.useItem.324":5,"achievement.buildSword":2,"achievement.mineWood":105,"stat.mineBlock.50":1,"stat.useItem.290":23,"stat.useItem.171":10,"stat.mineBlock.53":3,"stat.breakItem.271":3,"achievement.openInventory":115,"stat.mineBlock.161":5,"stat.craftItem.280":72,"stat.mineBlock.162":5,"stat.mobKills":28,"achievement.killEnemy":28,"stat.mineBlock.35":9,"stat.craftItem.58":2,"stat.useItem.6":5,"stat.drop":12,"stat.useItem.269":60,"stat.useItem.268":41,"stat.playOneMinute":141453,"stat.craftItem.53":12,"stat.craftItem.50":16,"stat.useItem.4":226,"stat.useItem.5":308,"stat.breakItem.269":1,"stat.craftItem.54":1,"stat.craftItem.271":3,"stat.mineBlock.171":1,"stat.useItem.3":28,"stat.killEntity.Zombie":10,"stat.craftItem.269":1,"stat.diveOneCm":20346,"stat.mineBlock.31":26,"stat.useItem.271":183}