{"stat.walkOneCm":292726,"achievement.openInventory":22,"stat.craftItem.5":68,"stat.useItem.338":2,"stat.leaveGame":2,"stat.craftItem.280":4,"stat.damageTaken":390,"stat.mineBlock.3":8,"stat.flyOneCm":34096,"stat.craftItem.58":1,"stat.deaths":1,"stat.mineBlock.18":14,"stat.drop":1,"stat.mineBlock.17":53,"stat.jump":839,"stat.swimOneCm":7399,"stat.playOneMinute":49733,"stat.fallOneCm":22024,"stat.climbOneCm":4466,"achievement.buildWorkBench":1,"stat.useItem.3":8,"stat.craftItem.271":1,"achievement.mineWood":53,"achievement.exploreAllBiomes":{"value":0,"progress":["Birch Forest Hills","ForestHills","Magical Forest","Eerie","Roofed Forest","Forest","River","Plains","Taiga","Mega Taiga","Swampland"]},"stat.useItem.35":2,"stat.useItem.391":9,"stat.diveOneCm":1107,"stat.useItem.58":1,"stat.useItem.271":49}