{"stat.useItem.355":11,"stat.craftItem.61":1,"stat.craftItem.67":72,"stat.leaveGame":5,"stat.craftItem.65":72,"stat.mineBlock.13":191,"stat.mineBlock.16":32,"stat.mineBlock.18":275,"stat.mineBlock.17":204,"stat.swimOneCm":89296,"stat.climbOneCm":28918,"stat.craftItem.72":4,"achievement.buildWorkBench":4,"stat.craftItem.324":5,"achievement.exploreAllBiomes":{"value":0,"progress":["ForestHills","Magical Forest","Roofed Forest","Extreme Hills+","Forest","River","Plains","Taiga","Extreme Hills","Swampland","TaigaHills"]},"stat.mineBlock.12":123,"stat.useItem.338":1,"stat.mineBlock.4":132,"stat.mineBlock.5":83,"stat.mineBlock.111":10,"stat.mineBlock.3":472,"stat.mineBlock.1":1780,"stat.flyOneCm":10570,"stat.craftItem.355":1,"stat.craftItem.20":22,"stat.mineBlock.175":1,"stat.useItem.324":5,"achievement.buildSword":2,"achievement.mineWood":178,"stat.breakItem.271":3,"achievement.openInventory":225,"stat.mineBlock.161":5,"stat.mineBlock.162":5,"achievement.killEnemy":32,"stat.craftItem.58":2,"stat.drop":16,"stat.playOneMinute":337874,"stat.craftItem.53":12,"stat.craftItem.50":128,"stat.breakItem.269":1,"stat.craftItem.54":6,"stat.mineBlock.171":1,"stat.killEntity.Zombie":11,"stat.diveOneCm":26638,"stat.useItem.65":92,"stat.useItem.67":119,"stat.useItem.61":2,"achievement.buildHoe":2,"stat.killEntity.Slime":18,"stat.mineBlock.82":37,"stat.mineBlock.86":1,"stat.craftItem.297":27,"stat.useItem.72":4,"stat.jump":1310,"stat.fallOneCm":15987,"stat.useItem.70":1,"stat.craftItem.290":1,"stat.craftItem.171":9,"stat.useItem.295":4,"stat.craftItem.5":448,"stat.damageTaken":1050,"stat.mineBlock.61":1,"stat.mineBlock.65":16,"stat.mineBlock.67":47,"stat.useItem.53":15,"stat.useItem.54":6,"stat.useItem.50":97,"stat.damageDealt":2075,"stat.useItem.58":11,"stat.craftItem.263":56,"stat.walkOneCm":1946177,"stat.craftItem.268":1,"stat.mineBlock.58":9,"stat.mineBlock.50":19,"stat.useItem.290":23,"stat.useItem.171":10,"stat.mineBlock.54":1,"stat.mineBlock.53":3,"stat.killEntity.Skeleton":2,"stat.craftItem.280":108,"stat.killEntity.Spider":1,"stat.mobKills":32,"stat.mineBlock.35":9,"stat.useItem.6":6,"stat.useItem.269":60,"stat.useItem.268":41,"stat.useItem.4":1750,"stat.useItem.5":310,"stat.craftItem.271":3,"stat.useItem.3":130,"stat.craftItem.269":1,"stat.useItem.17":2,"stat.useItem.13":4,"stat.mineBlock.31":31,"stat.useItem.271":183}