{
  "ident": "(f99960f5-20ea-4333-89d9-362a131b88fc|Philoso)",
  "lastTeleportOrigin": {
    "dim": 0,
    "pitch": 54.299973,
    "yaw": -285.16333,
    "xd": 560.8556605282267,
    "yd": 72.0,
    "zd": 731.2826331362594
  },
  "lastDeathLocation": {
    "dim": 0,
    "pitch": 54.299973,
    "yaw": -285.16333,
    "xd": 560.8556605282267,
    "yd": 72.0,
    "zd": 731.2826331362594
  },
  "namedTimeout": {},
  "selDim": 0,
  "timePlayed": 12,
  "inventoryGroups": {},
  "activeInventoryGroup": "default",
  "firstJoin": 1435601287002
}