{"stat.useItem.65":44,"stat.useItem.355":10,"achievement.buildHoe":2,"stat.leaveGame":2,"stat.craftItem.65":54,"stat.killEntity.Slime":18,"stat.mineBlock.82":37,"stat.mineBlock.86":1,"stat.mineBlock.13":66,"stat.mineBlock.16":8,"stat.craftItem.297":6,"stat.mineBlock.18":82,"stat.mineBlock.17":93,"stat.jump":686,"stat.swimOneCm":73650,"stat.fallOneCm":6148,"stat.climbOneCm":17759,"stat.useItem.70":1,"stat.craftItem.290":1,"achievement.buildWorkBench":4,"stat.craftItem.171":9,"stat.craftItem.324":1,"achievement.exploreAllBiomes":{"value":0,"progress":["ForestHills","Magical Forest","Roofed Forest","Extreme Hills+","Forest","River","Plains","Taiga","Extreme Hills","Swampland","TaigaHills"]},"stat.mineBlock.12":34,"stat.useItem.295":1,"stat.craftItem.5":260,"stat.useItem.338":1,"stat.damageTaken":470,"stat.mineBlock.5":14,"stat.mineBlock.111":10,"stat.mineBlock.3":152,"stat.mineBlock.1":157,"stat.mineBlock.65":1,"stat.useItem.53":15,"stat.useItem.54":1,"stat.flyOneCm":5362,"stat.useItem.50":6,"stat.craftItem.355":1,"stat.damageDealt":2075,"stat.useItem.58":10,"stat.walkOneCm":625131,"stat.craftItem.268":1,"stat.mineBlock.175":1,"stat.mineBlock.58":8,"stat.useItem.324":1,"achievement.buildSword":2,"achievement.mineWood":81,"stat.mineBlock.50":1,"stat.useItem.290":23,"stat.useItem.171":10,"stat.mineBlock.53":3,"stat.breakItem.271":3,"achievement.openInventory":90,"stat.mineBlock.161":5,"stat.craftItem.280":72,"stat.mineBlock.162":5,"stat.mobKills":28,"achievement.killEnemy":28,"stat.mineBlock.35":9,"stat.craftItem.58":2,"stat.useItem.6":2,"stat.drop":11,"stat.useItem.269":60,"stat.useItem.268":41,"stat.playOneMinute":111415,"stat.craftItem.53":12,"stat.craftItem.50":8,"stat.useItem.5":185,"stat.breakItem.269":1,"stat.craftItem.54":1,"stat.craftItem.271":3,"stat.mineBlock.171":1,"stat.useItem.3":28,"stat.killEntity.Zombie":10,"stat.craftItem.269":1,"stat.diveOneCm":20346,"stat.mineBlock.31":24,"stat.useItem.271":183}