{"stat.useItem.355":11,"stat.craftItem.61":1,"stat.craftItem.67":24,"stat.leaveGame":3,"stat.craftItem.65":54,"stat.mineBlock.13":68,"stat.mineBlock.16":9,"stat.mineBlock.18":195,"stat.mineBlock.17":125,"stat.swimOneCm":73650,"stat.climbOneCm":19900,"stat.craftItem.72":4,"achievement.buildWorkBench":4,"stat.craftItem.324":5,"achievement.exploreAllBiomes":{"value":0,"progress":["ForestHills","Magical Forest","Roofed Forest","Extreme Hills+","Forest","River","Plains","Taiga","Extreme Hills","Swampland","TaigaHills"]},"stat.mineBlock.12":34,"stat.useItem.338":1,"stat.mineBlock.4":19,"stat.mineBlock.5":83,"stat.mineBlock.111":10,"stat.mineBlock.3":325,"stat.mineBlock.1":789,"stat.flyOneCm":7097,"stat.craftItem.355":1,"stat.mineBlock.175":1,"stat.useItem.324":5,"achievement.buildSword":2,"achievement.mineWood":108,"stat.breakItem.271":3,"achievement.openInventory":134,"stat.mineBlock.161":5,"stat.mineBlock.162":5,"achievement.killEnemy":30,"stat.craftItem.58":2,"stat.drop":15,"stat.playOneMinute":176973,"stat.craftItem.53":12,"stat.craftItem.50":32,"stat.breakItem.269":1,"stat.craftItem.54":2,"stat.mineBlock.171":1,"stat.killEntity.Zombie":10,"stat.diveOneCm":20346,"stat.useItem.65":63,"stat.useItem.67":13,"stat.useItem.61":2,"achievement.buildHoe":2,"stat.killEntity.Slime":18,"stat.mineBlock.82":37,"stat.mineBlock.86":1,"stat.craftItem.297":10,"stat.useItem.72":4,"stat.jump":903,"stat.fallOneCm":6955,"stat.useItem.70":1,"stat.craftItem.290":1,"stat.craftItem.171":9,"stat.useItem.295":1,"stat.craftItem.5":388,"stat.damageTaken":510,"stat.mineBlock.61":1,"stat.mineBlock.65":16,"stat.useItem.53":15,"stat.useItem.54":2,"stat.useItem.50":24,"stat.damageDealt":2075,"stat.useItem.58":11,"stat.craftItem.263":3,"stat.walkOneCm":1040587,"stat.craftItem.268":1,"stat.mineBlock.58":9,"stat.mineBlock.50":5,"stat.useItem.290":23,"stat.useItem.171":10,"stat.mineBlock.53":3,"stat.killEntity.Skeleton":2,"stat.craftItem.280":76,"stat.mobKills":30,"stat.mineBlock.35":9,"stat.useItem.6":6,"stat.useItem.269":60,"stat.useItem.268":41,"stat.useItem.4":491,"stat.useItem.5":310,"stat.craftItem.271":3,"stat.useItem.3":28,"stat.craftItem.269":1,"stat.mineBlock.31":27,"stat.useItem.271":183}