{"stat.walkOneCm":26217,"stat.craftItem.268":1,"achievement.openInventory":3,"stat.craftItem.5":12,"stat.craftItem.280":4,"stat.leaveGame":1,"stat.damageTaken":175,"stat.mobKills":6,"achievement.killEnemy":6,"stat.mineBlock.58":1,"stat.mineBlock.13":1,"stat.craftItem.58":1,"stat.mineBlock.17":3,"stat.jump":23,"stat.swimOneCm":6234,"stat.useItem.268":41,"stat.playOneMinute":7247,"stat.fallOneCm":335,"achievement.buildWorkBench":2,"stat.craftItem.271":1,"stat.damageDealt":2075,"achievement.buildSword":2,"stat.killEntity.Zombie":6,"achievement.mineWood":1,"achievement.exploreAllBiomes":{"value":0,"progress":["ForestHills","Magical Forest","Forest"]},"stat.useItem.58":1,"stat.useItem.271":1}