{
  "name": "god",
  "usage": "/god on|off [player]",
  "permissionLevel": "TRUE",
  "patterns": {
    "": [
      "echo Usage: /god on|off [player]"
    ],
    "off @p": [
      "permcheck fe.commands.god.others",
      "/p user %@ clear fe.protection.damageby.*",
      "echo God mode turned OFF for @1"
    ],
    "off": [
      "/p user @player clear fe.protection.damageby.*",
      "echo God mode OFF"
    ],
    "on @p": [
      "permcheck fe.commands.god.others",
      "/p user @1 deny fe.protection.damageby.*",
      "/heal @player",
      "echo God mode turned ON for @1"
    ],
    "on": [
      "permcheck fe.commands.god",
      "/p user @player deny fe.protection.damageby.*",
      "/heal",
      "echo God mode ON"
    ]
  }
}